,log_return,cos,label_1
log_return,1.0,0.595690342982082,0.33677370179085736
cos,0.595690342982082,1.0,0.11572490496155427
label_1,0.33677370179085736,0.11572490496155427,1.0
