,log_return,log_return_0,wap_log_return,label_1
log_return,1.0,0.3953102674119525,-0.5778133642341495,0.31712850967467987
log_return_0,0.3953102674119525,1.0,-0.4319660868247206,0.06694354783989923
wap_log_return,-0.5778133642341495,-0.4319660868247206,1.0,0.06141961438248771
label_1,0.31712850967467987,0.06694354783989923,0.06141961438248771,1.0
