,log_return,log_return_0,wap_log_return,label_1
log_return,1.0,0.43150704887559765,-0.620525720744645,0.35911705943478667
log_return_0,0.43150704887559765,1.0,-0.4997037944820132,0.0575499468906213
wap_log_return,-0.620525720744645,-0.4997037944820132,1.0,0.03517371116977774
label_1,0.35911705943478667,0.0575499468906213,0.03517371116977774,1.0
