,log_return,log_return_0,wap_log_return,label_1
log_return,1.0,0.4313170766562893,-0.6303306281863491,0.3650985121997103
log_return_0,0.4313170766562893,1.0,-0.5175661326767479,0.08960881877394036
wap_log_return,-0.6303306281863491,-0.5175661326767479,1.0,0.015029392587053821
label_1,0.3650985121997103,0.08960881877394036,0.015029392587053821,1.0
