,log_return,cos,label_1
log_return,1.0,0.6220641113253699,0.34446323257182804
cos,0.6220641113253699,1.0,0.12010698745745302
label_1,0.34446323257182804,0.12010698745745302,1.0
